"id","year","title","artwork","artwork_large","artist","artist_search","download"
970304593,"2020","MBEP072/Spell - KATALEPSY","/artworks/artworks-000670641601-7c0snn-large.jpg","/artworks/artworks-000670641601-7c0snn-t500x500.jpg","KATALEPSY SOUND","KATALEPSY SOUND","http://s451072707.onlinehome.fr/MareeBass_Prod-128_Spell-KATALEPSYSOUND.zip"
945080869,"2019","MBLP045/High Life – REDWOOD","/artworks/artworks-000652011907-k3ozcj-large.jpg","/artworks/artworks-000652011907-k3ozcj-t500x500.jpg",,,"http://s451072707.onlinehome.fr/MareeBass_Prod-127_HighLife-REDWOODDUB.zip"
932235832,"2019","MBEP071/Erésus - MC JaZzZz","/artworks/artworks-000642886768-wtm9ej-large.jpg","/artworks/artworks-000642886768-wtm9ej-t500x500.jpg","MC JaZzZ","MC JaZzZ","http://s451072707.onlinehome.fr/MareeBass_Prod-126_Eresus-MCJAZZZZ.zip"
924147001,"2019","MBLP044/The Weight Of Things - DROP THE PULSE","/artworks/artworks-000637482832-wdu3ec-large.jpg","/artworks/artworks-000637482832-wdu3ec-t500x500.jpg","DROP THE PULSE","DROP THE PULSE","http://s451072707.onlinehome.fr/MareeBass_Prod-125_TheWeightOfThings-DROPTHEPULSE.zip"
910269685,"2019","MBEP070/Reggae Revolution - WU.D FEAT JOLLY STEWART","/artworks/artworks-000624213169-izfd18-large.jpg","/artworks/artworks-000624213169-izfd18-t500x500.jpg","WU.D FEAT JOLLY STEWART","WU.D FEAT JOLLY STEWART","http://s451072707.onlinehome.fr/MareeBass_Prod-124_ReggaeRevolution-WUDFEATJOLLYSTEWART.zip"
908581555,"2019","MBLP043/Da Inner Journey – DAWOOD SOUND SYSTEM","/artworks/artworks-000623084731-i27kei-large.jpg","/artworks/artworks-000623084731-i27kei-t500x500.jpg",,,"http://s451072707.onlinehome.fr/MareeBass_Prod-123_DaInnerJourney-DAWOODSOUNDSYSTEM.zip"
880667335,"2019","MBLP042/Sound Chemistry - LE LAB","/artworks/artworks-000605127898-hypnou-large.jpg","/artworks/artworks-000605127898-hypnou-t500x500.jpg","LE LAB","LE LAB","http://s451072707.onlinehome.fr/MareeBass_Prod-122_SoundChemistry-LELAB.zip"
863724975,"2019","MBEP069/Kantic - Semiah the Dub Alchemist","/artworks/artworks-000594230352-gnqts9-large.jpg","/artworks/artworks-000594230352-gnqts9-t500x500.jpg","Semiah the Dub Alchemist","Semiah the Dub Alchemist","http://s451072707.onlinehome.fr/MareeBass_Prod-120_Kantic-SEMIAHTHEDUBALCHEMIST.zip"
868101329,"2019","MBEP068/Forgotten Tales of Dub - LE CHAUDRON MAGIQUE","/artworks/artworks-000597064889-e651v0-large.jpg","/artworks/artworks-000597064889-e651v0-t500x500.jpg","LE CHAUDRON MAGIQUE","LE CHAUDRON MAGIQUE","http://chaudronmagique.org/download/MareeBass_Prod-121_ForgottenTalesOfDub-LECHAUDRONMAGIQUE.zip"
834643955,"2019","Marée BASS Compilation # 6","/artworks/artworks-000573579221-nl2ahd-large.jpg","/artworks/artworks-000573579221-nl2ahd-t500x500.jpg",,,"https://mareebass-prod.bandcamp.com/album/mar-e-bass-compilation-6"
818116788,"2019","MBEP067/Children Of Ixchel - BEASTY LIV","/artworks/artworks-000561496728-v5s7oz-large.jpg","/artworks/artworks-000561496728-v5s7oz-t500x500.jpg","BEASTY LIV","BEASTY LIV","http://s451072707.onlinehome.fr/MareeBass_Prod-119_ChildrenOfIxchel-BEASTYLIV.zip"
801439740,"2019","MBEP066/B-Cerro Steppers - CARACAS DUB","/artworks/artworks-000550303524-ljv76c-large.jpg","/artworks/artworks-000550303524-ljv76c-t500x500.jpg","CARACAS DUB","CARACAS DUB","http://s451072707.onlinehome.fr/MareeBass_Prod-118_BCerroSteppers-CARACASDUB.zip"
790929717,"2019","MBLP041/Into The Future - PHONIANDFLORE","/artworks/artworks-000542759400-f6uy20-large.jpg","/artworks/artworks-000542759400-f6uy20-t500x500.jpg","PHONIANDFLORE","PHONIANDFLORE","http://s451072707.onlinehome.fr/MareeBass_Prod-117_IntoTheFuture-PHONIANDFLORE.zip"
782220066,"2019","MBEP065/Bass Reconciliation - THE BIOLOGISTS","/artworks/artworks-000537215520-8uwj2i-large.jpg","/artworks/artworks-000537215520-8uwj2i-t500x500.jpg","THE BIOLOGISTS","THE BIOLOGISTS","http://s451072707.onlinehome.fr/MareeBass_Prod-116_BassReconciliation-THEBIOLOGISTS.zip"
752020443,"2019","MBLP040/Back to Roots - TOKIBOUN IN DUB","/artworks/artworks-000519111270-bbk1m1-large.jpg","/artworks/artworks-000519111270-bbk1m1-t500x500.jpg","TOKIBOUN IN DUB","TOKIBOUN IN DUB","http://s451072707.onlinehome.fr/MareeBass_Prod-115_BacktoRoots-TOKIBOUN.zip"
739131447,"2019","MBLP039/Tales from the Moon - MOONY","/artworks/artworks-000511075755-ermzh3-large.jpg","/artworks/artworks-000511075755-ermzh3-t500x500.jpg","MOONY","MOONY","http://s451072707.onlinehome.fr/MareeBass_Prod-114_TalesFromTheMoon-MOONY.zip"
724769841,"2019","MBEP064/Unpublished Dub #2 - Phaz-M Machinist","/artworks/artworks-000500814816-vrw6kv-large.jpg","/artworks/artworks-000500814816-vrw6kv-t500x500.jpg","Phaz-M Machinist","Phaz-M Machinist","http://s451072707.onlinehome.fr/MareeBass_Prod-113_UnpublishedDub2-PHAZ-MMACHINIST.zip"
717442245,"2019","MBEP063/KER3L - SIMBA KHAN","/artworks/artworks-000495082605-iareyb-large.jpg","/artworks/artworks-000495082605-iareyb-t500x500.jpg","SIMBA KHAN","SIMBA KHAN","http://s451072707.onlinehome.fr/MareeBass_Prod-112_KER3L-SIMBAKHAN.zip"
714029379,"2019","MBEP062/Among The Stars - WINSTON DUB PROJECT","/artworks/artworks-000492607566-b0f6lo-large.jpg","/artworks/artworks-000492607566-b0f6lo-t500x500.jpg","WINSTON DUB PROJECT","WINSTON DUB PROJECT","http://s451072707.onlinehome.fr/MareeBass_Prod-111_AmongTheStars-WINSTONDUBPROJECT.zip"
709428771,"2019","MBEP061/The dub adventures of Don Alduck - DON ALDUCK","/artworks/artworks-000489368202-t0981n-large.jpg","/artworks/artworks-000489368202-t0981n-t500x500.jpg","DON ALDUCK","DON ALDUCK","http://www.mareebass.fr/don-alduck"
698325687,"2019","MBEP060/Winter Is Dubbing - ARTK","/artworks/artworks-000480846861-euw20s-large.jpg","/artworks/artworks-000480846861-euw20s-t500x500.jpg","ARTK","ARTK","http://s451072707.onlinehome.fr/MareeBass_Prod-109_WinterisDubbing-ARTK.zip"
688424673,"2019","MBEP059/Feral - UKA DUB","/artworks/artworks-000473815527-jxrvdb-large.jpg","/artworks/artworks-000473815527-jxrvdb-t500x500.jpg","UKA DUB","UKA DUB","http://s451072707.onlinehome.fr/MareeBass_Prod-108_Feral-UKADUB.zip"
674087775,"2018","MBEP058/The Unknow Mask - STORM DUB","/artworks/artworks-000464741457-ztf7sc-large.jpg","/artworks/artworks-000464741457-ztf7sc-t500x500.jpg","STORM DUB","STORM DUB","http://s451072707.onlinehome.fr/MareeBass_Prod-107_TheUnknowMask-STORMDUB.zip"
663286314,"2018","MBEP057/Cosmic Dub - KARA'BASSE SOUND SYSTEM","/artworks/artworks-000457816500-69ckx4-large.jpg","/artworks/artworks-000457816500-69ckx4-t500x500.jpg","KARA'BASSE SOUND SYSTEM","KARA'BASSE SOUND SYSTEM","http://s451072707.onlinehome.fr/MareeBass_Prod-106_CosmicDub-KARABASSESOUND.zip"
645338514,"2018","MBEP056/In Sub Ordination - ISO Dub","/artworks/artworks-000441074070-zhltix-large.jpg","/artworks/artworks-000441074070-zhltix-t500x500.jpg","ISO Dub","ISO Dub","http://s451072707.onlinehome.fr/MareeBass_Prod-104_InSubOrdination-ISODUB.zip"
656621160,"2018","MBLP038/Mental Distortion - MOUNE","/artworks/artworks-000452442753-j58qih-large.jpg","/artworks/artworks-000452442753-j58qih-t500x500.jpg","MOUNE","MOUNE","http://s451072707.onlinehome.fr/MareeBass_Prod-105_MentalDistortion-MOUNE.zip"
637966503,"2018","MBEP055/Nausicaa - STEPPER SONS","/artworks/artworks-000434456166-znaro5-large.jpg","/artworks/artworks-000434456166-znaro5-t500x500.jpg","STEPPER SONS","STEPPER SONS","http://s451072707.onlinehome.fr/MareeBass_Prod-103_Nausicaa-STEPPERSONS.zip"
631000497,"2018","MPEP054/Strict - DU3NORMAL","/artworks/artworks-000428614005-nc90qn-large.jpg","/artworks/artworks-000428614005-nc90qn-t500x500.jpg","DU3NORMAL","DU3NORMAL","http://s451072707.onlinehome.fr/MareeBass_Prod-102_Strict-DU3NORMAL.zip"
621602856,"2018","MBEP053/Bass Reconcilement - THE BIOLOGISTS","/artworks/artworks-000419711988-nupt5x-large.jpg","/artworks/artworks-000419711988-nupt5x-t500x500.jpg","THE BIOLOGISTS","THE BIOLOGISTS","http://s451072707.onlinehome.fr/MareeBass_Prod-101_BassReconcilement-THEBIOLOGISTS.zip"
611146131,"2018","Marée BASS 100th Release","/artworks/artworks-000411240996-wjqazu-large.jpg","/artworks/artworks-000411240996-wjqazu-t500x500.jpg",,,"http://s451072707.onlinehome.fr/MareeBass_Prod-100_MareeBASS100thRELEASE.zip"
609796185,"2018","MBEP052/Supascoop Exploration - MAD SKANKER","/artworks/artworks-000410247183-c20faw-large.jpg","/artworks/artworks-000410247183-c20faw-t500x500.jpg","MAD SKANKER","MAD SKANKER","http://s451072707.onlinehome.fr/MareeBass_Prod-99_SupascoopExploration-MADSKANKER.zip"
548394132,"2018","MBMT007/Résurrection - MC' JaZzZ","/artworks/artworks-000365014008-llc6wk-large.jpg","/artworks/artworks-000365014008-llc6wk-t500x500.jpg","MC' JaZzZz","MC' JaZzZz","http://s451072707.onlinehome.fr/MareeBass_Prod-98_Resurrection-MCJAZZZZ.zip"
540353838,"2018","Turtle Tape","/artworks/artworks-000360612921-aezige-large.jpg","/artworks/artworks-000360612921-aezige-t500x500.jpg",,,
533189403,"2018","MBEP051/Origin - DRY LAN","/artworks/artworks-000356192895-wqn089-large.jpg","/artworks/artworks-000356192895-wqn089-t500x500.jpg","DRY LAND","DRY LAND","http://s451072707.onlinehome.fr/MareeBass_Prod-96_Origin-DRYLAND.zip"
516200922,"2018","MBEP050/Shadow - Gaelig-Astrolapite","/artworks/artworks-000346169715-wauqho-large.jpg","/artworks/artworks-000346169715-wauqho-t500x500.jpg","Gaelig-Astrolapitek","Gaelig-Astrolapitek","http://s451072707.onlinehome.fr/MareeBass_Prod-95_Shadow-GAELIG.zip"
507420807,"2018","MBEP049/Sub:versus - CULTURAL SOULJA","/artworks/artworks-000341364732-g7j5k2-large.jpg","/artworks/artworks-000341364732-g7j5k2-t500x500.jpg","CULTURAL SOULJA","CULTURAL SOULJA","http://s451072707.onlinehome.fr/MareeBass_Prod-94_Sub:versus-CULTURALSOULJA.zip"
493982232,"2018","MBEP048/Médicinale - DOCTEUR GANJAH","/artworks/artworks-000332566230-2042b2-large.jpg","/artworks/artworks-000332566230-2042b2-t500x500.jpg","DOCTEUR GANJAH","DOCTEUR GANJAH","http://mareebass.fr/documents/son/MareeBass_Prod-93_Medicinale-DOCTEURGANJAH.zip"
487065723,"2018","MBLP037/Rev-Earth - PHAZ-M DUB","/artworks/artworks-000327966798-jb2u3d-large.jpg","/artworks/artworks-000327966798-jb2u3d-t500x500.jpg","PHAZ-M DUB","PHAZ-M DUB","http://s451072707.onlinehome.fr/MareeBass_Prod-92_Rev-Earth-PHAZ-MDUB.zip"
473091147,"2018","MBEP047/Full And Wide - PROJET NOVA 6 ","/artworks/artworks-000317234658-i03qla-large.jpg","/artworks/artworks-000317234658-i03qla-t500x500.jpg","PROJET NOVA 6","PROJET NOVA 6","http://s451072707.onlinehome.fr/MareeBass_Prod-91_FullAndWide-PROJETNOVA6.zip"
456463707,"2018","MBEP046/The Mighty One - HYDROLIK","/artworks/artworks-000307225821-h6eqdr-large.jpg","/artworks/artworks-000307225821-h6eqdr-t500x500.jpg","HYDROLIK","HYDROLIK","http://s451072707.onlinehome.fr/MareeBass_Prod-90_TheMightyOne-HYDROLIK.zip"
448539318,"2018","MBEP045/Outbound Journey - DON ALDUCK","/artworks/artworks-000302221245-pxwzns-large.jpg","/artworks/artworks-000302221245-pxwzns-t500x500.jpg","DON ALDUCK","DON ALDUCK","http://s451072707.onlinehome.fr/MareeBass_Prod-89_OutboundJourney-DONALDUCK.zip"
445145865,"2018","MBEP044/Natural Skankers - NATURAL SKANKERS","/artworks/artworks-000300088452-fzrrrr-large.jpg","/artworks/artworks-000300088452-fzrrrr-t500x500.jpg","NATURAL SKANKERS","NATURAL SKANKERS","http://s451072707.onlinehome.fr/MareeBass_Prod-88_NATURALSKANKERS.zip"
436334520,"2018","MBEP043/The Shield - APOO STEPPA","/artworks/artworks-000293639148-jrolv1-large.jpg","/artworks/artworks-000293639148-jrolv1-t500x500.jpg","APOO STEPPA","APOO STEPPA","http://mareebass.fr/documents/son/MareeBass_Prod-87_TheShield-APOOSTEPPA.zip"
426841238,"2018","MBEP042/Low Tide - HIGHTAI","/artworks/artworks-000287659634-0riswa-large.jpg","/artworks/artworks-000287659634-0riswa-t500x500.jpg","HIGHTAI","HIGHTAI","http://mareebass.fr/documents/son/MareeBass_Prod-86_LowTide-HIGHTAI.zip"
409662506,"2017","MBLP036/Deep - PHONIANDFLORE","/artworks/artworks-000277671149-al5520-large.jpg","/artworks/artworks-000277671149-al5520-t500x500.jpg","PHONIANDFLORE","PHONIANDFLORE","http://mareebass.fr/documents/son/MareeBass_Prod-85_Deep-PHONIANDFLORE.zip"
397902494,"2017","MBLP035/Encens - MAKA BAOBAB","/artworks/artworks-000269801513-tkm4vs-large.jpg","/artworks/artworks-000269801513-tkm4vs-t500x500.jpg","MAKA BAOBAB","MAKA BAOBAB","http://mareebass.fr/documents/son/MareeBass_Prod-84_Encens-MAKABAOBAB.zip"
393282392,"2017","MBEP041/Da First Sample - DAWOOD SOUND SYSTEM","/artworks/artworks-000266923208-5ltdcm-large.jpg","/artworks/artworks-000266923208-5ltdcm-t500x500.jpg","DAWOOD SOUND SYSTEM","DAWOOD SOUND SYSTEM","http://mareebass.fr/documents/son/MareeBass_Prod-83_DaFirstSample-DAWOODSOUNDSYSTEM.zip"
387202829,"2017","MBEP040/Monkey Attack - RAFIK SOUND SYSTEM","/artworks/artworks-000263384213-27zljo-large.jpg","/artworks/artworks-000263384213-27zljo-t500x500.jpg","RAFIK SOUND SYSTEM","RAFIK SOUND SYSTEM","http://mareebass.fr/documents/son/MareeBass_Prod-82_MonkeyAttack-RAFIKSOUNDSYSTEM.zip"
366138022,"2017","MBEP039/New Cycle - METTA FREQUENCIES","/artworks/artworks-000257660387-l8d4h3-large.jpg","/artworks/artworks-000257660387-l8d4h3-t500x500.jpg","METTA FREQUENCIES","METTA FREQUENCIES","http://mareebass.fr/documents/son/MareeBass_Prod-81_NewCycle-METTAFREQUENCIES.zip"
357066504,"2017","Marée BASS Compilation #5...download & support on https://www.mareebass.fr","/artworks/artworks-000245306956-uopixk-large.jpg","/artworks/artworks-000245306956-uopixk-t500x500.jpg",,,"https://mareebass-prod.bandcamp.com/album/mar-e-bass-compilation-5"
347548201,"2017","MBLP034/Hidden Teardrops - Marc OFX","/artworks/artworks-000239663993-nwluqc-large.jpg","/artworks/artworks-000239663993-nwluqc-t500x500.jpg","Marc OFX","Marc OFX","http://mareebass.fr/documents/son/MareeBass_Prod-79_HiddenTeardrops-MarcOFX.zip"
345672969,"2017","MBEP038/Obsidian - ECOTONE","/artworks/artworks-000238529690-87xgsj-large.jpg","/artworks/artworks-000238529690-87xgsj-t500x500.jpg","ECOTONE","ECOTONE","http://mareebass.fr/documents/son/MareeBass_Prod-78_Obsidian-ECOTONE.zip"
337529123,"2017","MBLP033/Ancient Foresights & Future Roots - AYWAKE","/artworks/artworks-000233417410-rvnblw-large.jpg","/artworks/artworks-000233417410-rvnblw-t500x500.jpg","AYWAKEN","AYWAKEN","http://mareebass.fr/documents/son/MareeBass_Prod-77_AncientForesightshttp://bit.ly/2B3e4zTFutureRoots-AYWAKEN.zip"
336623127,"2017","MBEP037/One Thousand Layers - SUMAC DUB MEETS THE MAUCAL'S... https://www.mareebass.fr","/artworks/artworks-000233125401-ow7nya-large.jpg","/artworks/artworks-000233125401-ow7nya-t500x500.jpg","SUMAC DUB MEETS THE MAUCAL'S","SUMAC DUB MEETS THE MAUCAL'S","http://mareebass.fr/documents/son/MareeBass_Prod-76_OneThousandLayers-SUMACDUBhttp://bit.ly/2B3lHX1THEMAUCAL'S.zip"
331057192,"2017","MBEP036/City Of Sunlands - JOSEPH JOSSY JO","/artworks/artworks-000228808590-yqjuj5-large.jpg","/artworks/artworks-000228808590-yqjuj5-t500x500.jpg","JOSEPH JOSSY JO","JOSEPH JOSSY JO","http://mareebass.fr/documents/son/MareeBass_Prod-75_CityofSunlands-JOSEPHJOSSYJO.zip"
327696344,"2017","MBEP035/Insomniac Area - JAY DAM","/artworks/artworks-000225584100-vioo15-large.jpg","/artworks/artworks-000225584100-vioo15-t500x500.jpg","JAY DAM","JAY DAM","http://mareebass.fr/documents/son/MareeBass_Prod-74_InsomniacArea-JAYDAM.zip"
327034269,"2017","MBEP034/Synth Attack - LOBA","/artworks/artworks-000224986435-bhgjjf-large.jpg","/artworks/artworks-000224986435-bhgjjf-t500x500.jpg","LOBA","LOBA","http://mareebass.fr/documents/son/MareeBass_Prod-73_SynthAttack-LOBA.zip"
322562077,"2017","MBEP033/Inna Wild Style Part. 2 - NATURAL HIGH DUBS","/artworks/artworks-000222317856-11drmr-large.jpg","/artworks/artworks-000222317856-11drmr-t500x500.jpg","NATURAL HIGH DUBS","NATURAL HIGH DUBS","http://mareebass.fr/documents/son/MareeBass_Prod-72_InnaWildStylePart2-NATURALHIGHDUBS.zip"
320522870,"2017","MBLP032/Fall in Dub - DUBOLOG","/artworks/artworks-000221066854-olfpu6-large.jpg","/artworks/artworks-000221066854-olfpu6-t500x500.jpg","DUBOLOGY","DUBOLOGY","http://mareebass.fr/documents/son/MareeBass_Prod-71_FallinDub-DUBOLOGY.zip"
316271282,"2017","MBEP032/Promenade sur Handpans - BEREN RELAX'HANG","/artworks/artworks-000218184360-t2hwly-large.jpg","/artworks/artworks-000218184360-t2hwly-t500x500.jpg","BEREN RELAX'HANG","BEREN RELAX'HANG","http://mareebass.fr/documents/son/MareeBass_Prod-70_PromenadessurHandpans-BERENRELAXHANG.zip"
311910076,"2017","MBLP031/Deeply Shaded - PROJET NOVA 6","/artworks/artworks-000215649055-nrmgdq-large.jpg","/artworks/artworks-000215649055-nrmgdq-t500x500.jpg","PROJET NOVA 6","PROJET NOVA 6","http://mareebass.fr/documents/son/MareeBass_Prod-69_DeeplyShaded-PROJETNOVA6.zip"
308154709,"2017","MBEP031/Subatomic - SKUNK KUT","/artworks/artworks-000213132035-nv55yv-large.jpg","/artworks/artworks-000213132035-nv55yv-t500x500.jpg","SKUNK KUT","SKUNK KUT","http://mareebass.fr/documents/son/MareeBass_Prod-68_Subatomic-SKUNKKUT.zip"
304965139,"2017","MBEP030/Bad People - ANAWAK LAB","/artworks/artworks-000210925264-gs7yfz-large.jpg","/artworks/artworks-000210925264-gs7yfz-t500x500.jpg","ANAWAK LAB","ANAWAK LAB","http://mareebass.fr/documents/son/MareeBass_Prod-67_BadPeople-ANAWAKLAB.zip"
302633955,"2017","MBLP030/The Last Warriors - GHANA SOUND Meets ATLAS DUB & T-HORNS... https://www.mareebass.fr","/artworks/artworks-000209455105-2gzwwx-large.jpg","/artworks/artworks-000209455105-2gzwwx-t500x500.jpg","GHANA SOUND MEETS ATLAS DUB & T-HORNS","GHANA SOUND MEETS ATLAS DUB & T-HORNS","http://mareebass.fr/documents/son/MareeBass_Prod-66_TheLastWarriors-GHANASOUNDMEETSATLASDUB.zip"
298751665,"2017","MBEP029/Somewhere On Earth - P.O.S","/artworks/artworks-000207023061-1ntpci-large.jpg","/artworks/artworks-000207023061-1ntpci-t500x500.jpg","P.O.S","P.O.S","http://mareebass.fr/documents/son/MareeBass_Prod-65_SomewhereOnEarth-POS.zip"
294976074,"2017","MBLP029/Alerta - CULTURAL SOULJA","/artworks/artworks-000204861109-ew9qu6-large.jpg","/artworks/artworks-000204861109-ew9qu6-t500x500.jpg","CULTURAL SOULJA","CULTURAL SOULJA","http://mareebass.fr/documents/son/MareeBass_Prod-64_Alerta-CULTURALSOULJA.zip"
289760444,"2017","MBLP028/Band Off Fools & Beatmaking Vol.2 - AMENTIA PROD... https://www.mareebass.fr","/artworks/artworks-000201650487-mol01z-large.jpg","/artworks/artworks-000201650487-mol01z-t500x500.jpg","AMENTIA PROD","AMENTIA PROD","http://mareebass.fr/documents/son/MareeBass_Prod-63_BandOffFools&BeatmakingVol2-AMENTIAPROD.zip"
287675742,"2016","MBLP027/Pacify - PHONIANDFLORE","/artworks/artworks-000200595495-wk5wje-large.jpg","/artworks/artworks-000200595495-wk5wje-t500x500.jpg","PHONIANDFLORE","PHONIANDFLORE","http://mareebass.fr/documents/son/MareeBass_Prod-62_Pacify-PHONIANDFLORE.zip"
284135976,"2016","MBLP026/Méa Culpa - Mc' JaZzZz","/artworks/artworks-000198856490-kls4hs-large.jpg","/artworks/artworks-000198856490-kls4hs-t500x500.jpg","Mc' JaZzZz","Mc' JaZzZz","http://mareebass.fr/documents/son/MareeBass_Prod-61_MeaCulpa-MCJAZZZZ.zip"
274441897,"2016","MBEP028/Vertiges - Dolàn Xakò","/artworks/artworks-000192927700-coatt3-large.jpg","/artworks/artworks-000192927700-coatt3-t500x500.jpg","Dolàn Xakò","Dolàn Xakò","http://mareebass.fr/documents/son/MareeBass_Prod-60_Vertiges-DOLANXAKO.zip"
267336623,"2016","MBLP025/Subcontinent - KANDEE meets JAHZZ","/artworks/artworks-000188306553-2k2wao-large.jpg","/artworks/artworks-000188306553-2k2wao-t500x500.jpg","KANDEE meets JAHZZ","KANDEE meets JAHZZ","http://mareebass.fr/documents/son/MareeBass_Prod-59_Subcontinent-KANDEEmeetsJAHZZ.zip"
263567141,"2016","MBEP027/Anti-gel Remix - SWITCHY DUB","/artworks/artworks-000186043549-flzcym-large.jpg","/artworks/artworks-000186043549-flzcym-t500x500.jpg","SWITCHY DUB","SWITCHY DUB","http://mareebass.fr/documents/son/MareeBass_Prod-58_Anti-gelREMIX-SWITCHYDUB.zip"
259693486,"2016","MBLP024/Transcontinentale - WOODY VIBES","/artworks/artworks-000182883911-yhq9yc-large.jpg","/artworks/artworks-000182883911-yhq9yc-t500x500.jpg","WOODY VIBES","WOODY VIBES","http://mareebass.fr/documents/son/MareeBass_Prod-57_Transcontinentale-WOODYVIBES.zip"
239639645,"2016","MBLP023/Drop The Pulse - DROP THE PULSE","/artworks/artworks-000170641620-74k49a-large.jpg","/artworks/artworks-000170641620-74k49a-t500x500.jpg","DROP THE PULSE","DROP THE PULSE","http://mareebass.fr/documents/son/MareeBass_Prod-56_DropThePulse-DROPTHEPULSE.zip"
235769136,"2016","MBEP026/Space Travel - INFIAMMATI DUB","/artworks/artworks-000168697517-o0w0cm-large.jpg","/artworks/artworks-000168697517-o0w0cm-t500x500.jpg","INFIAMMATI DUB","INFIAMMATI DUB","http://mareebass.fr/documents/son/MareeBass_Prod-55_SpaceTravel-INFIAMMATIDUB.zip"
232308385,"2016","MBEP025/System D - APOO STEPPA","/artworks/artworks-000166674297-k10eyc-large.jpg","/artworks/artworks-000166674297-k10eyc-t500x500.jpg","APOO STEPPA","APOO STEPPA","http://mareebass.fr/documents/son/MareeBass_Prod-54_SystemD-APOOSTEPPA.zip"
228534807,"2016","MBLP022/Home Made - DUBBA DO","/artworks/artworks-000164600074-isv1xo-large.jpg","/artworks/artworks-000164600074-isv1xo-t500x500.jpg","DUBBA DO","DUBBA DO","http://mareebass.fr/documents/son/MareeBass_Prod-53_HomeMade-DUBBADO.zip"
224620123,"2016","MBEP024/Seali Dub - HIGHTAI","/artworks/artworks-000162607541-7ffm74-large.jpg","/artworks/artworks-000162607541-7ffm74-t500x500.jpg","HIGHTAI","HIGHTAI","http://mareebass.fr/documents/son/MareeBass_Prod-52_SealiDub-HIGHTAI.zip"
220239837,"2016","MBEP023/Brother-In-Low - SHREKTONE & FATBASS","/artworks/artworks-000160306917-bj5x3w-large.jpg","/artworks/artworks-000160306917-bj5x3w-t500x500.jpg","SHREKTONE & FATBASS","SHREKTONE & FATBASS","http://mareebass.fr/documents/sons/MareeBass_Prod-51_Brother-In-Low-SHREKTONE&FATBASS.zip"
218070662,"2016","MBMT006/Entre Luttes, Valeurs et Poésie - DARY","/artworks/artworks-000159266091-i9641n-large.jpg","/artworks/artworks-000159266091-i9641n-t500x500.jpg","DARY","DARY","http://mareebass.fr/documents/sons/MareeBass_Prod-50_Mixtape-DARY.zip"
215797750,"2016","MBLP021/Evasion - SOUTH DUB","/artworks/artworks-000158057989-d396a2-large.jpg","/artworks/artworks-000158057989-d396a2-t500x500.jpg","SOUTH DUB","SOUTH DUB","http://mareebass.fr/documents/sons/MareeBass_Prod-49_Evasion-SOUTHDUB.zip"
208986624,"2016","MBLP020/Dirty Lab - SONS OFF THE STREET","/artworks/artworks-000153846606-rshhyd-large.jpg","/artworks/artworks-000153846606-rshhyd-t500x500.jpg","SONS OFF THE STREET","SONS OFF THE STREET","http://mareebass.fr/documents/sons/MareeBass_Prod-48.zip"
204961351,"2016","MBEP022/Atomic Melodub - PENCIL KID","/artworks/artworks-000150614754-xfjhi3-large.jpg","/artworks/artworks-000150614754-xfjhi3-t500x500.jpg","PENCIL KID","PENCIL KID","http://mareebass.fr/documents/sons/MareeBass_Prod-47.zip"
199431132,"2016","MBLP019/Burning Babylon - NO FINGER NAILS","/artworks/artworks-000148417580-2dgm8c-large.jpg","/artworks/artworks-000148417580-2dgm8c-t500x500.jpg","NO FINGER NAILS","NO FINGER NAILS","http://mareebass.fr/documents/sons/MareeBass_Prod-46.zip"
190395635,"2016","MBLP018/Sound Pressure - DUB.VERSIF","/artworks/artworks-000144963631-fc12my-large.jpg","/artworks/artworks-000144963631-fc12my-t500x500.jpg","DUB.VERSIF","DUB.VERSIF","http://mareebass.fr/documents/sons/MareeBass_Prod-45.zip"
185518135,"2016","MBLP017/The States Of Mintao - MINTAO","/artworks/artworks-000143139194-i0fszn-large.jpg","/artworks/artworks-000143139194-i0fszn-t500x500.jpg","MINTAO","MINTAO","http://mareebass.fr/documents/sons/MareeBass_Prod-44.zip"
176743738,"2015","MBLP016/Notre Sainte Mère - GHANA SOUND SYSTEM","/artworks/artworks-000140109088-v8oowa-large.jpg","/artworks/artworks-000140109088-v8oowa-t500x500.jpg","GHANA SOUND SYSTEM","GHANA SOUND SYSTEM","http://mareebass.fr/documents/sons/MareeBass_Prod-42.zip"
169343667,"2015","MBLP015/The Call Of The Dragon - DOCTOR RED","/artworks/artworks-000137462929-a9enbb-large.jpg","/artworks/artworks-000137462929-a9enbb-t500x500.jpg","DOCTOR RED","DOCTOR RED","http://mareebass.fr/documents/sons/MareeBass_Prod-40.zip"
160366244,"2015","MBEP020/Double Jeu - SHAN A SHAN","/artworks/artworks-000134455912-lp5a9w-large.jpg","/artworks/artworks-000134455912-lp5a9w-t500x500.jpg","SHAN A SHAN","SHAN A SHAN","http://mareebass.fr/documents/sons/MareeBass_Prod-39.zip"
150143552,"2015","MBLP014/Don't Stop - CLOUD OF VIB'S","/artworks/artworks-000131196289-hwh1dj-large.jpg","/artworks/artworks-000131196289-hwh1dj-t500x500.jpg","CLOUD OF VIB'S","CLOUD OF VIB'S","http://mareebass.fr/documents/sons/MareeBass_Prod-38.zip"
144801282,"2015","MBEP019/Fiddle About - PROJET NOVA 6","/artworks/artworks-000129524500-budheb-large.jpg","/artworks/artworks-000129524500-budheb-t500x500.jpg","PROJET NOVA 6","PROJET NOVA 6","http://mareebass.fr/documents/sons/MareeBass_Prod-37.zip"
133354757,"2015","MBEP018/Greed Will Kill Us All - MR LION","/artworks/artworks-000125939192-5qtj1c-large.jpg","/artworks/artworks-000125939192-5qtj1c-t500x500.jpg","MR LION","MR LION","http://mareebass.fr/documents/sons/MareeBass_Prod-36.zip"
119569458,"2015","Marée BASS Compilation #4...download & support on https://www.mareebass.fr","/artworks/artworks-000121407258-enpdtw-large.jpg","/artworks/artworks-000121407258-enpdtw-t500x500.jpg",,,"https://mareebass-prod.bandcamp.com/album/mar-e-bass-compilation-4"
115772657,"2015","MBLP013/Pranayama - LEYLO","/artworks/artworks-000119916655-ib9n9h-large.jpg","/artworks/artworks-000119916655-ib9n9h-t500x500.jpg","LEYLO","LEYLO","http://mareebass.fr/documents/sons/MareeBass_Prod-34.zip"
110347670,"2015","MBLP012/Urbanomix - THE DUB DOCTOR","/artworks/artworks-000117785670-hstgbu-large.jpg","/artworks/artworks-000117785670-hstgbu-t500x500.jpg","THE DUB DOCTOR","THE DUB DOCTOR","http://mareebass.fr/documents/sons/MareeBass_Prod-33.zip"
101383312,"2015","MBEP017/Dubz From Inner Space - ALPHA-B DUB","/artworks/artworks-000114584768-f4mtb4-large.jpg","/artworks/artworks-000114584768-f4mtb4-t500x500.jpg","ALPHA-B DUB","ALPHA-B DUB","http://mareebass.fr/documents/sons/MareeBass_Prod-32.zip"
92017711,"2015","MBEP016/Find Your Real Life - DU3normal","/artworks/artworks-000111006310-vg9c4s-large.jpg","/artworks/artworks-000111006310-vg9c4s-t500x500.jpg","DU3normal","DU3normal","http://mareebass.fr/documents/sons/MareeBass_Prod-31.zip"
84828140,"2015","MBLP011/Liqweed Network - YAyoLand","/artworks/artworks-000108307811-lsqmc0-large.jpg","/artworks/artworks-000108307811-lsqmc0-t500x500.jpg","YAyoLand","YAyoLand","http://mareebass.fr/documents/sons/MareeBass_Prod-30.zip"
76882758,"2015","MBLP010/Skank Fiction - KANDEE DUB","/artworks/artworks-000105181377-hf76xx-large.jpg","/artworks/artworks-000105181377-hf76xx-t500x500.jpg","KANDEE DUB","KANDEE DUB","http://mareebass.fr/documents/sons/MareeBass_Prod-29.zip"
67204358,"2014","MBLP009/Distort - PHONIANDFLORE","/artworks/artworks-000101408255-bl8drk-large.jpg","/artworks/artworks-000101408255-bl8drk-t500x500.jpg","PHONIANDFLORE","PHONIANDFLORE","http://mareebass.fr/documents/sons/MareeBass_Prod-28.zip"
62088125,"2014","MBLP008/Revelation - SKONC","/artworks/artworks-000099009326-u9h94f-large.jpg","/artworks/artworks-000099009326-u9h94f-t500x500.jpg","SKONC","SKONC","http://mareebass.fr/documents/sons/MareeBass_Prod-27.zip"
59790481,"2014","MBEP015/Third Part Of The Rainbow - NAWAK BRITISH","/artworks/artworks-000097883041-tab4v5-large.jpg","/artworks/artworks-000097883041-tab4v5-t500x500.jpg",,,"http://mareebass.fr/documents/sons/MareeBass_Prod-26.zip"
56138857,"2014","MBLP007/Waste In Space - EASY DEVIANCE","/artworks/artworks-000095103635-tl3ajq-large.jpg","/artworks/artworks-000095103635-tl3ajq-t500x500.jpg","EASY DEVIANCE","EASY DEVIANCE","http://mareebass.fr/documents/sons/MareeBass_Prod-25.zip"
50607594,"2014","MBEP014/Loop In My Head - KAÏMA","/artworks/artworks-000090810277-10saj3-large.jpg","/artworks/artworks-000090810277-10saj3-t500x500.jpg","KAÏMA","KAÏMA","http://mareebass.fr/documents/sons/MareeBass_Prod-24.zip"
44660983,"2014","MBLP006/In Your Eyes - MEXICAN STEPPER","/artworks/artworks-000086194679-9pp8ki-large.jpg","/artworks/artworks-000086194679-9pp8ki-t500x500.jpg","MEXICAN STEPPER","MEXICAN STEPPER","http://mareebass.fr/documents/sons/MareeBass_Prod-23.zip"
43673710,"2014","Marée BASS Compilation#3","/artworks/artworks-000085345470-vt4jsf-large.jpg","/artworks/artworks-000085345470-vt4jsf-t500x500.jpg",,,"http://mareebass.fr/documents/sons/MareeBass_Prod-22.zip"
36092594,"2014","MBEP013/Militant Art of Dub - MAD CODIOUF","/artworks/artworks-000080181261-2jddg7-large.jpg","/artworks/artworks-000080181261-2jddg7-t500x500.jpg","MAD CODIOUF","MAD CODIOUF","http://mareebass.fr/documents/sons/MareeBass_Prod-21.zip"
31654948,"2014","MBEP012/Malatesta - RAD A DUB","/artworks/artworks-000077269175-e5d96h-large.jpg","/artworks/artworks-000077269175-e5d96h-t500x500.jpg","RAD A DUB","RAD A DUB","http://mareebass.fr/documents/sons/MareeBass_Prod-20.zip"
28741744,"2014","MBLP005/Social Anxiety Disorder - yAyo Land","/artworks/artworks-000075138813-sfyxvs-large.jpg","/artworks/artworks-000075138813-sfyxvs-t500x500.jpg","yAyo Land","yAyo Land","http://mareebass.fr/documents/sons/MareeBass_Prod-19.zip"
23872888,"2014","MBEP011/Skank The Bass - ROOTS ZOMBIE","/artworks/artworks-000071232736-rv0dqg-large.jpg","/artworks/artworks-000071232736-rv0dqg-t500x500.jpg","ROOTS ZOMBIE","ROOTS ZOMBIE","http://mareebass.fr/documents/sons/MareeBass_Prod-18.zip"
21093965,"2014","MBLP004/Dub Evidence - ROOTSTEPPA","/artworks/artworks-000068867682-inyi9i-large.jpg","/artworks/artworks-000068867682-inyi9i-t500x500.jpg","ROOTSTEPPA","ROOTSTEPPA","http://mareebass.fr/documents/sons/MareeBass_Prod-17.zip"
17697352,"2013","MBLP003/The Global Dream - N-TONE DUB","/artworks/artworks-000065855963-kjseyl-large.jpg","/artworks/artworks-000065855963-kjseyl-t500x500.jpg","N-TONE DUB","N-TONE DUB","http://mareebass.fr/documents/sons/MareeBass_Prod-16.zip"
15267461,"2013","MBLP002/Bass Area - PHONIANDFLORE","/artworks/artworks-000063450991-blev91-large.jpg","/artworks/artworks-000063450991-blev91-t500x500.jpg","PHONIANDFLORE","PHONIANDFLORE","http://mareebass.fr/documents/sons/MareeBass_Prod-15.zip"
13033469,"2013","Vaticaen Prod./New Cuts - JEAN PAUL DUB","/artworks/artworks-000061020331-cefyco-large.jpg","/artworks/artworks-000061020331-cefyco-t500x500.jpg","JEAN PAUL DUB","JEAN PAUL DUB",
11334486,"2013","MBEP010/People - SMITHER","/artworks/artworks-000059025946-t6abl3-large.jpg","/artworks/artworks-000059025946-t6abl3-t500x500.jpg","SMITHER","SMITHER","http://mareebass.fr/documents/sons/MareeBass_Prod-14.zip"
9636517,"2013","MBEP009/Nu Roots - DUBBA DO","/artworks/artworks-000056496168-hxgxpi-large.jpg","/artworks/artworks-000056496168-hxgxpi-t500x500.jpg","DUBBA DO","DUBBA DO","http://mareebass.fr/documents/sons/MareeBass_Prod-13.zip"
7330419,"2013","MBEP008/Sonar & Wine EP - SUBMARINE FM","/artworks/artworks-000051929513-i9toff-large.jpg","/artworks/artworks-000051929513-i9toff-t500x500.jpg","SUBMARINE FM","SUBMARINE FM","http://mareebass.fr/documents/sons/MareeBass_Prod-12.zip"
6252242,"2013","MBEP007/Toccata Riddimz - ROBERT JEAN & The Amazing Remixers","/artworks/artworks-000049455661-l5x5c7-large.jpg","/artworks/artworks-000049455661-l5x5c7-t500x500.jpg","ROBERT JEAN ","ROBERT JEAN ","http://mareebass.fr/documents/sons/MareeBass_Prod-11.zip"
4834179,"2013","MBLP001/Dub Family - INJHAM & FRIENDS","/artworks/artworks-000045584594-6pb45x-large.jpg","/artworks/artworks-000045584594-6pb45x-t500x500.jpg","INJHAM & FRIENDS","INJHAM & FRIENDS",
4393660,"2013","MBEP006/Ninjah Riddim - NAWAK BRITISH","/artworks/artworks-000044176542-4gmx7d-large.jpg","/artworks/artworks-000044176542-4gmx7d-t500x500.jpg","NAWAK BRITISH","NAWAK BRITISH",
3763269,"2013","MBEP005/O.M.N.I - IZMO","/artworks/artworks-000041017053-9t2r8a-large.jpg","/artworks/artworks-000041017053-9t2r8a-t500x500.jpg","IZMO.","IZMO.",
3629270,"2013","MBEP004​/​New Day - I​-​BEL​.​.​.​JAM to FR","/artworks/artworks-000040203058-02syzo-large.jpg","/artworks/artworks-000040203058-02syzo-t500x500.jpg","I​-​BEL​.​.​.​JAM to FR","I​-​BEL​.​.​.​JAM to FR",
4723932,"2012","Marée BASS Compilation#2","/artworks/artworks-000045243980-pz0bry-large.jpg","/artworks/artworks-000045243980-pz0bry-t500x500.jpg",,,
4723356,"2012","MBEP003/Japan Wise - INJHAM & P.A.F./01.INJHAM Vers","/artworks/artworks-000045242279-w8316v-large.jpg","/artworks/artworks-000045242279-w8316v-t500x500.jpg","INJHAM & P.A.F.","INJHAM & P.A.F.",
4700473,"2012","MBEP002/Echo Valley - CAM STEP","/artworks/artworks-000045174203-8p6m58-large.jpg","/artworks/artworks-000045174203-8p6m58-t500x500.jpg","CAM STEP","CAM STEP",
4699524,"2012","MBEP001/MidNight Dub - NO FINGER NAILS","/artworks/artworks-000045170856-m1zntc-large.jpg","/artworks/artworks-000045170856-m1zntc-t500x500.jpg","NO FINGER NAILS","NO FINGER NAILS",